"Name";"Age";"Length";"Width";"Draft";"DWT";"GT";"Engine";"Speed";"Consumption";"Hotel Consumption";"Bunker Capacity";"Draft Empty";"Draft Tropic";"Draft WNA";"Ice Class";"Bi Fuel";"Cargo Volume";"Holds";"Opening Length";"Opening Width";"Floor Strength";"Cranes";"Maintenance";"Insurance";"Crew Wage";"Administration";"Total OPEX";"Available In";"Available At";"Time Until Docking";"Vessel Price";"Fuel Value";"Spare Parts Value";"Sundry Value";"Broker Fee";"Total Price"
"Capesize 1";5;283;45;18.17;168404;68027;16860;14.6;64.39;1.35;2327;4;18.55;17.79;FALSE;FALSE;111186;9;15.3;20;20;0;517643;430016;600226;643653;2191538;0;"Corpus Christi";197;30714491;116350;1336985;445662;614290;33227778
"Capesize 10";21;283;45;18.17;168404;85034;16860;14.6;74.29;1.35;3208;4;18.55;17.79;FALSE;FALSE;185310;9;15.3;20;10;0;517643;1272817;740460;643653;3174573;0;"Marseille";953;4210100;160400;287052;95684;84202;4837438
"Capesize 11";24;283;45;18.17;168404;85034;16860;14.6;76.15;1.35;2699;4;18.55;17.79;FALSE;FALSE;185310;9;15.3;20;10;0;517643;1519831;740460;643653;3421587;0;"Marseille";44;4210100;134950;350842;116947;84202;4897041
"Capesize 12";28;283;45;18.17;168404;76531;16860;14.6;78.63;1.35;2909;4;18.55;17.79;FALSE;FALSE;148248;9;15.3;20;15;0;517643;1712526;740460;643653;3614282;0;"Incheon";475;4210100;145450;498564;166188;84202;5104504
"Capesize 2";9;283;45;18.17;168404;85034;16860;14.6;66.86;1.35;2544;4;18.55;17.79;FALSE;FALSE;185310;9;15.3;20;10;0;517643;629433;600226;643653;2390955;0;"Wilhelmshaven";138;24712527;127200;1209458;403153;494251;26946589
"Capesize 3";10;283;45;18.17;168404;85034;16860;14.6;67.48;1.35;3251;4;18.55;17.79;FALSE;FALSE;185310;9;15.3;20;10;0;517643;661985;600226;643653;2423507;0;"Mina Qaboos";695;22143424;162550;1190999;397000;442868;24336841
"Capesize 4";12;283;45;18.17;168404;76531;16860;14.6;68.72;1.35;2135;4;18.55;17.79;FALSE;FALSE;148248;9;15.3;20;15;0;517643;664724;674384;643653;2500404;0;"Rio Grande";525;11415287;106750;984570;328190;228306;13063103
"Capesize 5";14;283;45;18.17;168404;68027;16860;14.6;69.96;1.35;2222;4;18.55;17.79;FALSE;FALSE;111186;9;15.3;20;20;0;517643;664390;674384;643653;2500070;0;"Esmeraldas";907;4210100;111100;391861;130620;84202;4927883
"Capesize 6";15;283;45;18.17;168404;85034;16860;14.6;70.58;1.35;2615;4;18.55;17.79;FALSE;FALSE;185310;9;15.3;20;10;0;517643;882191;674384;643653;2717871;0;"Alexandria";352;4210100;130750;210505;70168;84202;4705725
"Capesize 7";16;283;45;18.17;168404;85034;16860;14.6;71.2;1.35;2329;4;18.55;17.79;FALSE;FALSE;185310;9;15.3;20;10;0;517643;937721;674384;643653;2773401;0;"Hamburg";255;4210100;116450;220296;73432;84202;4704480
"Handy 1";2;179.28;28;10.65;34699;17658;7650;14;28.37;2.07;1840;2.88;10.87;10.43;TRUE;FALSE;26410;5;20.8;19.6;20;4;451061;84108;448964;132623;1116756;0;"Batumi";926;29146457;92000;1018577;339526;582929;31179489
"Handy 10";8;179.28;28;10.65;34699;22072;7650;14;30.06;0.92;1730;2.88;10.87;10.43;TRUE;FALSE;44020;5;20.8;19.6;10;0;451061;123310;448964;132623;1155958;0;"Sihanoukville";886;24671263;86500;973690;324563;493425;26549441
"Handy 11";8;179.28;28;10.65;34699;22072;7650;14;30.06;2.07;1528;2.88;10.87;10.43;FALSE;FALSE;44020;5;20.8;19.6;10;4;451061;123310;448964;132623;1155958;0;"Esmeraldas";550;24671263;76400;973690;324563;493425;26539341
"Handy 12";9;179.28;28;10.65;34699;22072;7650;14;30.34;0.92;929;2.88;10.87;10.43;FALSE;FALSE;44020;5;20.8;19.6;10;0;451061;128990;448964;132623;1161638;0;"Odessa";571;24356777;46450;998917;332972;487136;26222252
"Handy 13";10;179.28;28;10.65;34699;17658;7650;14;30.62;2.07;1026;2.88;10.87;10.43;TRUE;FALSE;26410;5;20.8;19.6;20;4;451061;108345;448964;132623;1140993;0;"Hai Phong";277;23827423;51300;1022376;340792;476548;25718439
"Handy 14";10;179.28;28;10.65;34699;22072;7650;14;30.62;0.92;1138;2.88;10.87;10.43;FALSE;FALSE;44020;5;20.8;19.6;10;0;451061;135428;448964;132623;1168076;0;"Rostock";562;23827423;56900;1022376;340792;476548;25724039
"Handy 15";11;179.28;28;10.65;34699;22072;7650;14;30.9;2.2;1064;2.88;10.87;10.43;FALSE;FALSE;44020;5;20.8;19.6;10;4;451061;142623;523122;132623;1249429;0;"Pasir Gudang";286;22956406;53200;1038484;346161;459128;24853379
"Handy 16";12;179.28;28;10.65;34699;22072;7650;14;31.18;1.04;933;2.88;10.87;10.43;TRUE;FALSE;44020;5;20.8;19.6;10;0;451061;150576;523122;132623;1257382;0;"Dampier";237;21616932;46650;1040781;346927;432339;23483629
"Handy 17";12;179.28;28;10.65;34699;17658;7650;14;31.18;2.2;1165;2.88;10.87;10.43;FALSE;FALSE;26410;5;20.8;19.6;20;4;451061;120463;523122;132623;1227269;0;"Newcastle";187;21616932;58250;1040781;346927;432339;23495229
"Handy 18";12;179.28;28;10.65;34699;22072;7650;14;31.18;1.04;1070;2.88;10.87;10.43;FALSE;FALSE;44020;5;20.8;19.6;10;0;451061;150576;523122;132623;1257382;0;"Cork";363;21616932;53500;1040781;346927;432339;23490479
"Handy 19";13;179.28;28;10.65;34699;22072;7650;14;31.46;2.2;1839;2.88;10.87;10.43;TRUE;FALSE;44020;5;20.8;19.6;10;4;451061;159285;523122;132623;1266091;0;"Chiba";74;20044689;91950;1021756;340585;400894;21899874
"Handy 2";2;179.28;28;10.65;34699;22072;7650;14;28.37;0.92;1132;2.88;10.87;10.43;FALSE;FALSE;44020;5;20.8;19.6;10;0;451061;105133;448964;132623;1137781;0;"Marseille";551;29146457;56600;1018577;339526;582929;31144089
"Handy 20";13;179.28;28;10.65;34699;22072;7650;14;31.46;1.04;1160;2.88;10.87;10.43;FALSE;FALSE;44020;5;20.8;19.6;10;0;451061;159285;523122;132623;1266091;0;"Dunkirk";801;20044689;58000;1021756;340585;400894;21865924
"Handy 21";13;179.28;28;10.65;34699;17658;7650;14;31.46;2.2;1875;2.88;10.87;10.43;FALSE;FALSE;26410;5;20.8;19.6;20;4;451061;127431;523122;132623;1234237;0;"Mina Qaboos";613;20044689;93750;1021756;340585;400894;21901674
"Handy 22";13;179.28;28;10.65;34699;22072;7650;14;31.46;1.04;1407;2.88;10.87;10.43;TRUE;FALSE;44020;5;20.8;19.6;10;0;451061;159285;523122;132623;1266091;0;"Incheon";743;20044689;70350;1021756;340585;400894;21878274
"Handy 23";14;179.28;28;10.65;34699;22072;7650;14;31.74;2.2;987;2.88;10.87;10.43;FALSE;FALSE;44020;5;20.8;19.6;10;4;451061;168753;523122;132623;1275559;0;"Kashima";703;18951773;49350;989968;329989;379035;20700115
"Handy 24";14;179.28;28;10.65;34699;22072;7650;14;31.74;1.04;1074;2.88;10.87;10.43;FALSE;FALSE;44020;5;20.8;19.6;10;0;451061;168753;523122;132623;1275559;0;"Marseille";148;18951773;53700;989968;329989;379035;20704465
"Handy 25";14;179.28;28;10.65;34699;17658;7650;14;31.74;2.2;1363;2.88;10.87;10.43;TRUE;FALSE;26410;5;20.8;19.6;20;4;451061;135005;523122;132623;1241811;0;"Rostock";1023;18951773;68150;989968;329989;379035;20718915
"Handy 26";15;179.28;28;10.65;34699;22072;7650;14;32.02;1.04;1017;2.88;10.87;10.43;FALSE;FALSE;44020;5;20.8;19.6;10;0;451061;178977;523122;132623;1285783;0;"Corpus Christi";342;17976696;50850;979321;326440;359534;19692841
"Handy 27";15;179.28;28;10.65;34699;22072;7650;14;32.02;2.2;1535;2.88;10.87;10.43;FALSE;FALSE;44020;5;20.8;19.6;10;4;451061;178977;523122;132623;1285783;0;"Nouadhibou";1042;17976696;76750;979321;326440;359534;19718741
"Handy 28";15;179.28;28;10.65;34699;22072;7650;14;32.02;1.04;1366;2.88;10.87;10.43;TRUE;FALSE;44020;5;20.8;19.6;10;0;451061;178977;523122;132623;1285783;0;"Newcastle";702;17976696;68300;979321;326440;359534;19710291
"Handy 29";15;179.28;28;10.65;34699;17658;7650;14;32.02;2.2;1525;2.88;10.87;10.43;FALSE;FALSE;26410;5;20.8;19.6;20;4;451061;143185;523122;132623;1249991;0;"Ensenada";579;17976696;76250;979321;326440;359534;19718241
"Handy 3";3;179.28;28;10.65;34699;22072;7650;14;28.65;2.07;1322;2.88;10.87;10.43;FALSE;FALSE;44020;5;20.8;19.6;10;4;451061;106269;448964;132623;1138917;0;"Dampier";10;27458488;66100;971123;323708;549170;29368589
"Handy 30";16;179.28;28;10.65;34699;22072;7650;14;32.3;1.04;1534;2.88;10.87;10.43;FALSE;FALSE;44020;5;20.8;19.6;10;0;451061;189959;523122;132623;1296765;0;"San Antonio";915;17081646;76700;973849;324616;341633;18798444
"Handy 31";16;179.28;28;10.65;34699;22072;7650;14;32.3;2.2;1031;2.88;10.87;10.43;TRUE;FALSE;44020;5;20.8;19.6;10;4;451061;189959;523122;132623;1296765;0;"Hai Phong";893;17081646;51550;973849;324616;341633;18773294
"Handy 32";16;179.28;28;10.65;34699;22072;7650;14;32.3;1.04;1358;2.88;10.87;10.43;FALSE;FALSE;44020;5;20.8;19.6;10;0;451061;189959;523122;132623;1296765;0;"Dalian";209;17081646;67900;973849;324616;341633;18789644
"Handy 33";17;179.28;28;10.65;34699;17658;7650;14;32.59;2.2;1008;2.88;10.87;10.43;FALSE;FALSE;26410;5;20.8;19.6;20;4;451061;161362;523122;132623;1268168;0;"New York";101;16233613;50400;972235;324078;324672;17904998
"Handy 34";17;179.28;28;10.65;34699;22072;7650;14;32.59;1.04;1442;2.88;10.87;10.43;TRUE;FALSE;44020;5;20.8;19.6;10;0;451061;201698;523122;132623;1308504;0;"Incheon";51;16233613;72100;972235;324078;324672;17926698
"Handy 35";18;179.28;28;10.65;34699;22072;7650;14;32.87;2.2;969;2.88;10.87;10.43;FALSE;FALSE;44020;5;20.8;19.6;10;4;451061;214195;523122;132623;1321001;0;"Jeddah";339;15404391;48450;973168;324389;308088;17058486
"Handy 36";18;179.28;28;10.65;34699;22072;7650;14;32.87;1.04;1506;2.88;10.87;10.43;FALSE;FALSE;44020;5;20.8;19.6;10;0;451061;214195;523122;132623;1321001;0;"Odessa";656;15404391;75300;973168;324389;308088;17085336
"Handy 37";19;179.28;28;10.65;34699;17658;7650;14;33.15;2.2;1618;2.88;10.87;10.43;TRUE;FALSE;26410;5;20.8;19.6;20;4;451061;181963;523122;132623;1288769;0;"Tallinn";3;14570577;80900;975346;325115;291412;16243350
"Handy 38";19;179.28;28;10.65;34699;22072;7650;14;33.15;1.04;1699;2.88;10.87;10.43;FALSE;FALSE;44020;5;20.8;19.6;10;0;451061;227449;523122;132623;1334255;0;"Melbourne";102;14570577;84950;975346;325115;291412;16247400
"Handy 39";19;179.28;28;10.65;34699;22072;7650;14;33.15;2.2;1312;2.88;10.87;10.43;FALSE;FALSE;44020;5;20.8;19.6;10;4;451061;227449;523122;132623;1334255;0;"Newcastle";750;14570577;65600;975346;325115;291412;16228050
"Handy 4";4;179.28;28;10.65;34699;22072;7650;14;28.93;0.92;1452;2.88;10.87;10.43;TRUE;FALSE;44020;5;20.8;19.6;10;0;451061;108163;448964;132623;1140811;0;"Gdansk";479;26316420;72600;943426;314475;526328;28173249
"Handy 40";20;179.28;28;10.65;34699;22072;7650;14;33.43;1.04;1559;2.88;10.87;10.43;TRUE;FALSE;44020;5;20.8;19.6;10;0;451061;241460;523122;132623;1348266;0;"Marseille";315;13713573;77950;977478;325826;274271;15369098
"Handy 41";20;179.28;28;10.65;34699;17658;7650;14;33.43;2.2;1147;2.88;10.87;10.43;FALSE;FALSE;26410;5;20.8;19.6;20;4;451061;193173;523122;132623;1299979;0;"Hai Phong";1059;13713573;57350;977478;325826;274271;15348498
"Handy 42";21;179.28;28;10.65;34699;22072;7650;14;33.71;1.23;1033;2.88;10.87;10.43;FALSE;FALSE;44020;5;20.8;19.6;10;0;451061;256229;600226;132623;1440139;0;"Nouadhibou";784;12819583;51650;978287;326096;256392;14432008
"Handy 43";21;179.28;28;10.65;34699;22072;7650;14;33.71;2.38;1193;2.88;10.87;10.43;TRUE;FALSE;44020;5;20.8;19.6;10;4;451061;256229;600226;132623;1440139;0;"Corpus Christi";322;12819583;59650;978287;326096;256392;14440008
"Handy 44";22;179.28;28;10.65;34699;22072;7650;14;33.99;1.23;1149;2.88;10.87;10.43;FALSE;FALSE;44020;5;20.8;19.6;10;0;451061;271755;600226;132623;1455665;0;"Dampier";255;11879615;57450;976516;325505;237592;13476678
"Handy 45";22;179.28;28;10.65;34699;17658;7650;14;33.99;2.38;1738;2.88;10.87;10.43;FALSE;FALSE;26410;5;20.8;19.6;20;4;451061;217409;600226;132623;1401319;0;"Tanger";882;11879615;86900;976516;325505;237592;13506128
"Handy 46";23;179.28;28;10.65;34699;22072;7650;14;34.27;1.23;1464;2.88;10.87;10.43;TRUE;FALSE;44020;5;20.8;19.6;10;0;451061;288039;600226;132623;1471949;0;"Alexandria";387;10889479;73200;970933;323644;217790;12475046
"Handy 47";23;179.28;28;10.65;34699;22072;7650;14;34.27;2.38;1300;2.88;10.87;10.43;FALSE;FALSE;44020;5;20.8;19.6;10;4;451061;288039;600226;132623;1471949;0;"Cape Town";993;10889479;65000;970933;323644;217790;12466846
"Handy 48";24;179.28;28;10.65;34699;22072;7650;14;34.55;1.23;1038;2.88;10.87;10.43;FALSE;FALSE;44020;5;20.8;19.6;10;0;451061;305080;600226;132623;1488990;0;"Gijon";810;9849792;51900;960343;320114;196996;11379145
"Handy 49";25;179.28;28;10.65;34699;17658;7650;14;34.83;2.38;1183;2.88;10.87;10.43;TRUE;FALSE;26410;5;20.8;19.6;20;4;451061;258308;600226;132623;1442218;0;"Karachi";406;8765970;59150;943599;314533;175319;10258571
"Handy 5";4;179.28;28;10.65;34699;17658;7650;14;28.93;2.07;1066;2.88;10.87;10.43;FALSE;FALSE;26410;5;20.8;19.6;20;4;451061;86532;448964;132623;1119180;0;"Gdansk";92;26316420;53300;943426;314475;526328;28153949
"Handy 50";25;179.28;28;10.65;34699;22072;7650;14;34.83;1.23;1598;2.88;10.87;10.43;FALSE;FALSE;44020;5;20.8;19.6;10;0;451061;322878;600226;132623;1506788;0;"Nouadhibou";339;8765970;79900;943599;314533;175319;10279321
"Handy 51";26;179.28;28;10.65;34699;22072;7650;14;35.11;2.38;1142;2.88;10.87;10.43;FALSE;FALSE;44020;5;20.8;19.6;10;4;451061;341434;600226;132623;1525344;0;"Alexandria";44;7648237;57100;919625;306542;152965;9084469
"Handy 52";26;179.28;28;10.65;34699;22072;7650;14;35.11;1.23;1524;2.88;10.87;10.43;TRUE;FALSE;44020;5;20.8;19.6;10;0;451061;341434;600226;132623;1525344;0;"Jeddah";37;7648237;76200;919625;306542;152965;9103569
"Handy 53";27;179.28;28;10.65;34699;17658;7650;14;35.39;2.38;1728;2.88;10.87;10.43;FALSE;FALSE;26410;5;20.8;19.6;20;4;451061;288604;600226;132623;1472514;0;"Rotterdam";188;6511617;86400;887451;295817;130232;7911517
"Handy 54";27;179.28;28;10.65;34699;22072;7650;14;35.39;1.23;1044;2.88;10.87;10.43;FALSE;FALSE;44020;5;20.8;19.6;10;0;451061;360747;600226;132623;1544657;0;"Tallinn";543;6511617;52200;887451;295817;130232;7877317
"Handy 55";27;179.28;28;10.65;34699;22072;7650;14;35.39;2.38;1549;2.88;10.87;10.43;TRUE;FALSE;44020;5;20.8;19.6;10;4;451061;360747;600226;132623;1544657;0;"Esmeraldas";663;6511617;77450;887451;295817;130232;7902567
"Handy 56";27;179.28;28;10.65;34699;22072;7650;14;35.39;1.23;1435;2.88;10.87;10.43;FALSE;FALSE;44020;5;20.8;19.6;10;0;451061;360747;600226;132623;1544657;0;"Kolkata";979;6511617;71750;887451;295817;130232;7896867
"Handy 57";28;179.28;28;10.65;34699;17658;7650;14;35.68;2.38;1305;2.88;10.87;10.43;FALSE;FALSE;26410;5;20.8;19.6;20;4;451061;304661;600226;132623;1488571;0;"Kashima";290;5375938;65250;846267;282089;107519;6677063
"Handy 58";28;179.28;28;10.65;34699;22072;7650;14;35.68;1.23;1182;2.88;10.87;10.43;TRUE;FALSE;44020;5;20.8;19.6;10;0;451061;380817;600226;132623;1564727;0;"Dalian";63;5375938;59100;846267;282089;107519;6670913
"Handy 59";28;179.28;28;10.65;34699;22072;7650;14;35.68;2.38;1558;2.88;10.87;10.43;FALSE;FALSE;44020;5;20.8;19.6;10;4;451061;380817;600226;132623;1564727;0;"Nouadhibou";868;5375938;77900;846267;282089;107519;6689713
"Handy 6";5;179.28;28;10.65;34699;22072;7650;14;29.21;0.92;1149;2.88;10.87;10.43;FALSE;FALSE;44020;5;20.8;19.6;10;0;451061;110813;448964;132623;1143461;0;"Odessa";556;25593459;57450;932921;310974;511869;27406673
"Handy 60";28;179.28;28;10.65;34699;22072;7650;14;35.68;1.23;1417;2.88;10.87;10.43;FALSE;FALSE;44020;5;20.8;19.6;10;0;451061;380817;600226;132623;1564727;0;"Marseille";39;5375938;70850;846267;282089;107519;6682663
"Handy 61";29;179.28;28;10.65;34699;17658;7650;14;35.96;2.38;1412;2.88;10.87;10.43;TRUE;FALSE;26410;5;20.8;19.6;20;4;451061;321323;600226;132623;1505233;0;"Bahia Blanca";37;4265834;70600;795517;265172;85317;5482440
"Handy 62";29;179.28;28;10.65;34699;22072;7650;14;35.96;1.23;925;2.88;10.87;10.43;FALSE;FALSE;44020;5;20.8;19.6;10;0;451061;401645;600226;132623;1585555;0;"Batumi";538;4265834;46250;795517;265172;85317;5458090
"Handy 63";29;179.28;28;10.65;34699;22072;7650;14;35.96;2.38;1151;2.88;10.87;10.43;FALSE;FALSE;44020;5;20.8;19.6;10;4;451061;401645;600226;132623;1585555;0;"Dalian";9;4265834;57550;795517;265172;85317;5469390
"Handy 64";29;179.28;28;10.65;34699;22072;7650;14;35.96;1.23;1212;2.88;10.87;10.43;TRUE;FALSE;44020;5;20.8;19.6;10;0;451061;401645;600226;132623;1585555;0;"Pasir Gudang";923;4265834;60600;795517;265172;85317;5472440
"Handy 65";30;179.28;28;10.65;34699;17658;7650;14;36.24;2.38;1861;2.88;10.87;10.43;FALSE;FALSE;26410;5;20.8;19.6;20;4;451061;338592;600226;132623;1522502;0;"Newcastle";980;3210739;93050;735071;245024;64215;4348099
"Handy 66";30;179.28;28;10.65;34699;22072;7650;14;36.24;1.23;1554;2.88;10.87;10.43;FALSE;FALSE;44020;5;20.8;19.6;10;0;451061;423230;600226;132623;1607140;0;"Sihanoukville";429;3210739;77700;735071;245024;64215;4332749
"Handy 67";30;179.28;28;10.65;34699;22072;7650;14;36.24;2.38;1422;2.88;10.87;10.43;TRUE;FALSE;44020;5;20.8;19.6;10;4;451061;423230;600226;132623;1607140;0;"Kolkata";138;3210739;71100;735071;245024;64215;4326149
"Handy 68";30;179.28;28;10.65;34699;22072;7650;14;36.24;1.23;1424;2.88;10.87;10.43;FALSE;FALSE;44020;5;20.8;19.6;10;0;451061;423230;600226;132623;1607140;0;"Rio Grande";859;3210739;71200;735071;245024;64215;4326249
"Handy 69";31;179.28;28;10.65;34699;17658;7650;14;36.52;2.38;1636;2.88;10.87;10.43;FALSE;FALSE;26410;5;20.8;19.6;20;4;451061;356466;600226;132623;1540376;0;"Tallinn";954;2244893;81800;665546;221849;44898;3258986
"Handy 7";6;179.28;28;10.65;34699;22072;7650;14;29.5;2.07;1228;2.88;10.87;10.43;TRUE;FALSE;44020;5;20.8;19.6;10;4;451061;114222;448964;132623;1146870;0;"San Antonio";408;25162809;61400;936718;312239;503256;26976422
"Handy 70";31;179.28;28;10.65;34699;22072;7650;14;36.52;1.23;1696;2.88;10.87;10.43;TRUE;FALSE;44020;5;20.8;19.6;10;0;451061;445573;600226;132623;1629483;0;"Kamsar";222;2244893;84800;665546;221849;44898;3261986
"Handy 71";31;179.28;28;10.65;34699;22072;7650;14;36.52;2.38;1214;2.88;10.87;10.43;FALSE;FALSE;44020;5;20.8;19.6;10;4;451061;445573;600226;132623;1629483;0;"Hai Phong";320;2244893;60700;665546;221849;44898;3237886
"Handy 8";6;179.28;28;10.65;34699;22072;7650;14;29.5;0.92;1451;2.88;10.87;10.43;FALSE;FALSE;44020;5;20.8;19.6;10;0;451061;114222;448964;132623;1146870;0;"Rotterdam";345;25162809;72550;936718;312239;503256;26987572
"Handy 9";7;179.28;28;10.65;34699;17658;7650;14;29.78;2.07;1699;2.88;10.87;10.43;FALSE;FALSE;26410;5;20.8;19.6;20;4;451061;94712;448964;132623;1127360;0;"San Vicente";163;24897675;84950;951545;317182;497954;26749306
"Handymax 1";2;229.75;32.21;12.6;66758;28905;8649;14;32.08;2.2;1780;3.28;12.86;12.34;TRUE;FALSE;46417;7;14.4;14.4;20;4;460606;159221;523122;255154;1398103;0;"Chiba";703;43098551;89000;1535369;511790;861971;46096681
"Handymax 10";13;229.75;32.21;12.6;66758;36131;8649;14;35.57;2.38;1156;3.28;12.86;12.34;FALSE;FALSE;77364;7;14.4;14.4;10;4;460606;304292;600226;255154;1620278;0;"Ensenada";321;25587506;57800;1350988;450329;511750;27958373
"Handymax 11";13;229.75;32.21;12.6;66758;36131;8649;14;35.57;2.38;1921;3.28;12.86;12.34;FALSE;FALSE;77364;7;14.4;14.4;10;4;460606;304292;600226;255154;1620278;0;"Port-Gentil";111;25587506;96050;1350988;450329;511750;27996623
"Handymax 12";13;229.75;32.21;12.6;66758;36131;8649;14;35.57;2.38;1868;3.28;12.86;12.34;FALSE;FALSE;77364;7;14.4;14.4;10;4;460606;304292;600226;255154;1620278;0;"Gdansk";71;25587506;93400;1350988;450329;511750;27993973
"Handymax 13";14;229.75;32.21;12.6;66758;28905;8649;14;35.89;2.38;1928;3.28;12.86;12.34;TRUE;FALSE;46417;7;14.4;14.4;20;4;460606;258158;600226;255154;1574144;0;"Rotterdam";641;23484825;96400;1263670;421223;469697;25735815
"Handymax 14";14;229.75;32.21;12.6;66758;36131;8649;14;35.89;2.38;1653;3.28;12.86;12.34;FALSE;FALSE;77364;7;14.4;14.4;10;4;460606;322695;600226;255154;1638681;0;"Dalian";1024;23484825;82650;1263670;421223;469697;25722065
"Handymax 15";15;229.75;32.21;12.6;66758;36131;8649;14;36.21;2.38;2083;3.28;12.86;12.34;FALSE;FALSE;77364;7;14.4;14.4;10;4;460606;342570;600226;255154;1658556;0;"Gothenburg";895;21608858;104150;1214699;404900;432177;23764784
"Handymax 16";15;229.75;32.21;12.6;66758;36131;8649;14;36.21;2.38;1609;3.28;12.86;12.34;FALSE;FALSE;77364;7;14.4;14.4;10;4;460606;342570;600226;255154;1658556;0;"Gdansk";942;21608858;80450;1214699;404900;432177;23741084
"Handymax 17";15;229.75;32.21;12.6;66758;28905;8649;14;36.21;2.38;2058;3.28;12.86;12.34;TRUE;FALSE;46417;7;14.4;14.4;20;4;460606;274058;600226;255154;1590044;0;"Tanger";922;21608858;102900;1214699;404900;432177;23763534
"Handymax 18";16;229.75;32.21;12.6;66758;36131;8649;14;36.52;2.38;1201;3.28;12.86;12.34;FALSE;FALSE;77364;7;14.4;14.4;10;4;460606;363918;600226;255154;1679904;0;"Newcastle";443;19886856;60050;1173036;391012;397737;21908691
"Handymax 19";16;229.75;32.21;12.6;66758;36131;8649;14;36.52;2.38;1109;3.28;12.86;12.34;FALSE;FALSE;77364;7;14.4;14.4;10;4;460606;363918;600226;255154;1679904;0;"Hamburg";1032;19886856;55450;1173036;391012;397737;21904091
"Handymax 2";4;229.75;32.21;12.6;66758;36131;8649;14;32.71;2.2;1817;3.28;12.86;12.34;FALSE;FALSE;77364;7;14.4;14.4;10;4;460606;204914;523122;255154;1443796;0;"Incheon";1056;37653796;90850;1365454;455151;753076;40318327
"Handymax 20";17;229.75;32.21;12.6;66758;36131;8649;14;36.84;2.38;1080;3.28;12.86;12.34;FALSE;FALSE;77364;7;14.4;14.4;10;4;460606;386738;600226;255154;1702724;0;"Novorossiysk";19;18255310;54000;1135757;378586;365106;20188759
"Handymax 21";17;229.75;32.21;12.6;66758;28905;8649;14;36.84;2.38;2046;3.28;12.86;12.34;TRUE;FALSE;46417;7;14.4;14.4;20;4;460606;309392;600226;255154;1625378;0;"Mina Qaboos";418;18255310;102300;1135757;378586;365106;20237059
"Handymax 22";18;229.75;32.21;12.6;66758;36131;8649;14;37.16;2.38;1964;3.28;12.86;12.34;FALSE;FALSE;77364;7;14.4;14.4;10;4;460606;411030;600226;255154;1727016;0;"Port-Gentil";136;16659956;98200;1099873;366624;333199;18557852
"Handymax 23";19;229.75;32.21;12.6;66758;36131;8649;14;37.48;2.38;1962;3.28;12.86;12.34;FALSE;FALSE;77364;7;14.4;14.4;10;4;460606;436794;600226;255154;1752780;0;"Kamsar";661;15055768;98100;1062311;354104;301115;16871398
"Handymax 24";19;229.75;32.21;12.6;66758;36131;8649;14;37.48;2.38;1488;3.28;12.86;12.34;FALSE;FALSE;77364;7;14.4;14.4;10;4;460606;436794;600226;255154;1752780;0;"Guangzhou";808;15055768;74400;1062311;354104;301115;16847698
"Handymax 25";20;229.75;32.21;12.6;66758;28905;8649;14;37.79;2.38;1306;3.28;12.86;12.34;TRUE;FALSE;46417;7;14.4;14.4;20;4;460606;371227;600226;255154;1687213;0;"Newcastle";726;13406963;65300;1019888;339963;268139;15100253
"Handymax 26";21;229.75;32.21;12.6;66758;36131;8649;14;38.11;2.5;1395;3.28;12.86;12.34;FALSE;FALSE;77364;7;14.4;14.4;10;4;460606;492740;674384;255154;1882884;0;"Newcastle";818;11687000;69750;969281;323094;233740;13282865
"Handymax 27";21;229.75;32.21;12.6;66758;36131;8649;14;38.11;2.5;1484;3.28;12.86;12.34;FALSE;FALSE;77364;7;14.4;14.4;10;4;460606;492740;674384;255154;1882884;0;"Melbourne";1021;11687000;74200;969281;323094;233740;13287315
"Handymax 28";22;229.75;32.21;12.6;66758;36131;8649;14;38.43;2.5;1498;3.28;12.86;12.34;FALSE;FALSE;77364;7;14.4;14.4;10;4;460606;522921;674384;255154;1913065;0;"Melbourne";852;9878579;74900;906979;302326;197572;11360356
"Handymax 29";23;229.75;32.21;12.6;66758;28905;8649;14;38.75;2.5;1497;3.28;12.86;12.34;TRUE;FALSE;46417;7;14.4;14.4;20;4;460606;443663;674384;255154;1833807;0;"Cork";142;7973640;74850;829221;276407;159473;9313591
"Handymax 3";6;229.75;32.21;12.6;66758;36131;8649;14;33.35;2.2;1391;3.28;12.86;12.34;FALSE;FALSE;77364;7;14.4;14.4;10;4;460606;216692;523122;255154;1455574;0;"Kamsar";844;35434343;69550;1324001;441334;708687;37977915
"Handymax 31";24;229.75;32.21;12.6;66758;36131;8649;14;39.06;2.5;1959;3.28;12.86;12.34;FALSE;FALSE;77364;7;14.4;14.4;10;4;460606;587700;674384;255154;1977844;0;"Mumbai";394;5973368;97950;731900;243967;119467;7166652
"Handymax 32";25;229.75;32.21;12.6;66758;36131;8649;14;39.38;2.5;1708;3.28;12.86;12.34;FALSE;FALSE;77364;7;14.4;14.4;10;4;460606;622298;674384;255154;2012442;0;"Lome";746;3888185;85400;610427;203476;77764;4865252
"Handymax 35";27;229.75;32.21;12.6;66758;36131;8649;14;40.02;2.5;1381;3.28;12.86;12.34;FALSE;FALSE;77364;7;14.4;14.4;10;4;460606;695911;674384;255154;2086055;0;"Mina Qaboos";1042;1668950;69050;272884;90961;33379;2135224
"Handymax 4";7;229.75;32.21;12.6;66758;36131;8649;14;33.66;2.2;1077;3.28;12.86;12.34;FALSE;FALSE;77364;7;14.4;14.4;10;4;460606;224790;523122;255154;1463672;0;"Dunkirk";728;34924248;53850;1336850;445617;698485;37459050
"Handymax 42";29;229.75;32.21;12.6;66758;36131;8649;14;40.65;2.5;1644;3.28;12.86;12.34;FALSE;FALSE;77364;7;14.4;14.4;10;4;460606;775413;674384;255154;2165557;0;"Bahia Blanca";419;1668950;82200;220890;73630;33379;2079049
"Handymax 43";29;229.75;32.21;12.6;66758;36131;8649;14;40.65;2.5;1619;3.28;12.86;12.34;FALSE;FALSE;77364;7;14.4;14.4;10;4;460606;775413;674384;255154;2165557;0;"San Antonio";730;1668950;80950;220890;73630;33379;2077799
"Handymax 47";30;229.75;32.21;12.6;66758;36131;8649;14;40.97;2.5;1344;3.28;12.86;12.34;FALSE;FALSE;77364;7;14.4;14.4;10;4;460606;817372;674384;255154;2207516;0;"Bahia Blanca";196;1668950;67200;250343;83448;33379;2103320
"Handymax 48";30;229.75;32.21;12.6;66758;36131;8649;14;40.97;2.5;1863;3.28;12.86;12.34;FALSE;FALSE;77364;7;14.4;14.4;10;4;460606;817372;674384;255154;2207516;0;"Rotterdam";926;1668950;93150;250343;83448;33379;2129270
"Handymax 5";8;229.75;32.21;12.6;66758;28905;8649;14;33.98;2.2;1830;3.28;12.86;12.34;TRUE;FALSE;46417;7;14.4;14.4;20;4;460606;187489;523122;255154;1426371;0;"Shanghai";205;34488649;91500;1362715;454238;689773;37086875
"Handymax 50";31;229.75;32.21;12.6;66758;36131;8649;14;41.29;2.5;1624;3.28;12.86;12.34;FALSE;FALSE;77364;7;14.4;14.4;10;4;460606;860803;674384;255154;2250947;0;"Dalian";398;1668950;81200;288857;96286;33379;2168672
"Handymax 51";31;229.75;32.21;12.6;66758;36131;8649;14;41.29;2.5;1552;3.28;12.86;12.34;FALSE;FALSE;77364;7;14.4;14.4;10;4;460606;860803;674384;255154;2250947;0;"Mumbai";256;1668950;77600;288857;96286;33379;2165072
"Handymax 54";31;229.75;32.21;12.6;66758;36131;8649;14;41.29;2.5;2034;3.28;12.86;12.34;FALSE;FALSE;77364;7;14.4;14.4;10;4;460606;860803;674384;255154;2250947;0;"Newcastle";604;1668950;101700;288857;96286;33379;2189172
"Handymax 6";10;229.75;32.21;12.6;66758;36131;8649;14;34.62;2.2;1355;3.28;12.86;12.34;FALSE;FALSE;77364;7;14.4;14.4;10;4;460606;257916;523122;255154;1496798;0;"Ensenada";330;32865172;67750;1419249;473083;657303;35482557
"Handymax 7";11;229.75;32.21;12.6;66758;36131;8649;14;34.94;2.38;1264;3.28;12.86;12.34;FALSE;FALSE;77364;7;14.4;14.4;10;4;460606;271902;600226;255154;1587888;0;"Hamburg";557;31189408;63200;1429571;476524;623788;33782491
"Handymax 8";12;229.75;32.21;12.6;66758;36131;8649;14;35.25;2.38;1357;3.28;12.86;12.34;FALSE;FALSE;77364;7;14.4;14.4;10;4;460606;287361;600226;255154;1603347;0;"Jeddah";739;28612370;67850;1411701;470567;572247;31134735
"Handymax 9";12;229.75;32.21;12.6;66758;28905;8649;14;35.25;2.38;1430;3.28;12.86;12.34;TRUE;FALSE;46417;7;14.4;14.4;20;4;460606;229890;600226;255154;1545876;0;"Mumbai";56;28612370;71500;1411701;470567;572247;31138385
"Large Capesize 1";4;290;47;17.98;184872;75823;16858;14.5;63.76;1.23;2665;3.78;18.35;17.61;FALSE;FALSE;123381;9;15.5;22.6;20;0;518604;467344;600226;706595;2292769;0;"Esmeraldas";100;40873399;133250;1719316;573105;817468;44116538
"Large Capesize 2";8;290;47;17.98;184872;94779;16858;14.5;66.24;1.23;2996;3.78;18.35;17.61;FALSE;FALSE;205632;9;15.5;22.6;10;0;518604;669553;600226;706595;2494978;0;"Kamsar";51;32108201;149800;1432133;477378;642164;34809676
"Large Capesize 3";10;290;47;17.98;184872;94779;16858;14.5;67.47;1.23;2555;3.78;18.35;17.61;FALSE;FALSE;205632;9;15.5;22.6;10;0;518604;737850;600226;706595;2563275;0;"San Vicente";337;27612329;127750;1418395;472798;552247;30183519
"Large Capesize 4";13;290;47;17.98;184872;85301;16858;14.5;69.33;1.35;3041;3.78;18.35;17.61;FALSE;FALSE;164502;9;15.5;22.6;15;0;518604;785077;674384;706595;2684660;0;"Walvis Bay";139;7458388;152050;921780;307260;149168;8988646
"Large Capesize 6";19;290;47;17.98;184872;94779;16858;14.5;73.05;1.35;3101;3.78;18.35;17.61;FALSE;FALSE;205632;9;15.5;22.6;10;0;518604;1256478;674384;706595;3156061;0;"Rio Grande";152;4621800;155050;281055;93685;92436;5244026
"Large Capesize 7";24;290;47;17.98;184872;94779;16858;14.5;76.14;1.47;2981;3.78;18.35;17.61;FALSE;FALSE;205632;9;15.5;22.6;10;0;518604;1694005;740460;706595;3659664;0;"Hai Phong";1035;4621800;149050;385150;128383;92436;5376819
"Large Capesize 8";29;290;47;17.98;184872;85301;16858;14.5;79.24;1.47;3474;3.78;18.35;17.61;FALSE;FALSE;205632;9;15.5;22.6;15;0;518604;2014418;740460;706595;3980077;0;"Tallinn";672;4621800;173700;611709;203903;92436;5703548
"Medium Capesize 1";3;280.04;42.58;17.02;140532;72381;16980;14;54.67;1.23;2378;3.91;17.37;16.67;FALSE;FALSE;164979;9;14.9;20;10;0;511112;437979;600226;537123;2086440;0;"Dalian";1048;63384667;118900;2433880;811293;1267693;68016433
"Medium Capesize 10";31;280.04;42.58;17.02;140532;65143;16980;14;69.68;1.47;3073;3.91;17.37;16.67;FALSE;FALSE;131985;9;14.9;20;15;0;511112;1708541;740460;537123;3497236;0;"Esmeraldas";815;3513300;153650;608071;202690;70266;4547977
"Medium Capesize 2";5;280.04;42.58;17.02;140532;65143;16980;14;55.74;1.23;2218;3.91;17.37;16.67;FALSE;FALSE;131985;9;14.9;20;15;0;511112;411785;600226;537123;2060246;0;"Walvis Bay";340;55831243;110900;2186905;728968;1116625;59974641
"Medium Capesize 3";9;280.04;42.58;17.02;140532;57905;16980;14;57.89;1.23;3469;3.91;17.37;16.67;FALSE;FALSE;98991;9;14.9;20;20;0;511112;428621;600226;537123;2077082;0;"Gothenburg";245;50822644;173450;2230828;743609;1016453;54986984
"Medium Capesize 4";14;280.04;42.58;17.02;140532;72381;16980;14;60.57;1.35;3237;3.91;17.37;16.67;FALSE;FALSE;164979;9;14.9;20;10;0;511112;706914;674384;537123;2429533;0;"Gdansk";136;28932214;161850;1808452;602817;578644;32083977
"Medium Capesize 5";18;280.04;42.58;17.02;140532;72381;16980;14;62.71;1.35;1918;3.91;17.37;16.67;FALSE;FALSE;164979;9;14.9;20;10;0;511112;902503;674384;537123;2625122;0;"Odessa";143;14565209;95900;1288937;429646;291304;16670996
"Medium Capesize 6";20;280.04;42.58;17.02;140532;65143;16980;14;63.78;1.35;2050;3.91;17.37;16.67;FALSE;FALSE;131985;9;14.9;20;15;0;511112;917872;674384;537123;2640491;0;"Corpus Christi";348;7717347;102500;1003258;334419;154347;9311871
"Medium Capesize 7";24;280.04;42.58;17.02;140532;57905;16980;14;65.93;1.47;1953;3.91;17.37;16.67;FALSE;FALSE;98991;9;14.9;20;20;0;511112;1034948;740460;537123;2823643;0;"Mumbai";747;3513300;97650;292775;97592;70266;4071583
"Medium Capesize 8";27;280.04;42.58;17.02;140532;72381;16980;14;67.53;1.47;2787;3.91;17.37;16.67;FALSE;FALSE;164979;9;14.9;20;10;0;511112;1533277;740460;537123;3321972;0;"Pasir Gudang";1047;3513300;139350;376425;125475;70266;4224816
"Medium Capesize 9";29;280.04;42.58;17.02;140532;72381;16980;14;68.6;1.47;3358;3.91;17.37;16.67;FALSE;FALSE;164979;9;14.9;20;10;0;511112;1709307;740460;537123;3498002;0;"Newcastle";1046;3513300;167900;464996;154999;70266;4371461
"Panamax 1";2;234.96;32.21;13.89;87890;48323;11916;14.5;44.19;2.38;2191;3.47;14.18;13.6;FALSE;FALSE;105768;8;20;17.6;10;4;502181;266184;523122;335922;1627409;0;"Tallinn";475;50067712;109550;1815552;605184;1001354;53599352
"Panamax 10";16;234.96;32.21;13.89;87890;48323;11916;14.5;50.32;1.35;2210;3.47;14.18;13.6;FALSE;FALSE;105768;8;20;17.6;10;0;502181;486718;600226;335922;1925047;0;"Rotterdam";102;19508439;110500;1204492;401497;390169;21615097
"Panamax 11";19;234.96;32.21;13.89;87890;43491;11916;14.5;51.63;1.35;2088;3.47;14.18;13.6;FALSE;FALSE;84616;8;20;17.6;15;0;502181;525771;600226;335922;1964100;0;"New York";999;13148088;104400;1003605;334535;262962;14853590
"Panamax 13";29;234.96;32.21;13.89;87890;48323;11916;14.5;56.01;2.63;1579;3.47;14.18;13.6;FALSE;FALSE;105768;8;20;17.6;10;4;502181;1037067;674384;335922;2549554;0;"San Antonio";491;2197250;78950;290813;96938;43945;2707896
"Panamax 2";4;234.96;32.21;13.89;87890;48323;11916;14.5;45.07;1.23;1715;3.47;14.18;13.6;FALSE;FALSE;105768;8;20;17.6;10;0;502181;274061;523122;335922;1635286;0;"Incheon";313;42899439;85750;1579563;526521;857989;45949262
"Panamax 3";6;234.96;32.21;13.89;87890;43491;11916;14.5;45.94;1.23;2161;3.47;14.18;13.6;FALSE;FALSE;84616;8;20;17.6;15;0;502181;260833;523122;335922;1622058;0;"Alexandria";9;39977426;108050;1511139;503713;799549;42899877
"Panamax 4";7;234.96;32.21;13.89;87890;38658;11916;14.5;46.38;1.23;2450;3.47;14.18;13.6;FALSE;FALSE;63464;8;20;17.6;20;0;502181;240512;523122;335922;1601737;0;"Karachi";992;39305862;122500;1520450;506817;786117;42241746
"Panamax 5";8;234.96;32.21;13.89;87890;48323;11916;14.5;46.82;2.38;2345;3.47;14.18;13.6;FALSE;FALSE;105768;8;20;17.6;10;4;502181;313442;523122;335922;1674667;0;"Chiba";311;38732377;117250;1546380;515460;774648;41686115
"Panamax 6";10;234.96;32.21;13.89;87890;48323;11916;14.5;47.69;1.23;2067;3.47;14.18;13.6;FALSE;FALSE;105768;8;20;17.6;10;0;502181;344946;523122;335922;1706171;0;"Bahia Blanca";221;36594994;103350;1602796;534265;731900;39567305
"Panamax 7";11;234.96;32.21;13.89;87890;43491;11916;14.5;48.13;1.35;2231;3.47;14.18;13.6;FALSE;FALSE;84616;8;20;17.6;15;0;502181;327289;600226;335922;1765618;0;"Port-Gentil";365;34388773;111550;1606358;535453;687775;37329909
"Panamax 8";12;234.96;32.21;13.89;87890;38658;11916;14.5;48.57;1.35;1328;3.47;14.18;13.6;FALSE;FALSE;63464;8;20;17.6;20;0;502181;307459;600226;335922;1745788;0;"Mina Qaboos";678;30995982;66400;1572019;524006;619920;33778327
"Panamax 9";14;234.96;32.21;13.89;87890;48323;11916;14.5;49.44;2.5;1919;3.47;14.18;13.6;FALSE;FALSE;105768;8;20;17.6;10;4;502181;431584;600226;335922;1869913;0;"Alexandria";1037;24245332;95950;1352741;450914;484907;26629844
"Small Capesize 1";3;260;43;14.5;118000;65950;13560;14.5;50.79;1.23;2248;3.48;14.8;14.2;FALSE;FALSE;139006;7;23;17.8;10;0;511207;399065;600226;451005;1961503;0;"Rotterdam";787;63416345;112400;2321931;773977;1268327;67892980
"Small Capesize 2";5;260;43;14.5;118000;59355;13560;14.5;51.78;1.23;1866;3.48;14.8;14.2;FALSE;FALSE;111202;7;23;17.8;15;0;511207;375198;600226;451005;1937636;0;"Dalian";359;57073988;93300;2131680;710560;1141480;61151008
"Small Capesize 3";9;260;43;14.5;118000;52760;13560;14.5;53.78;1.23;2110;3.48;14.8;14.2;FALSE;FALSE;83405;7;23;17.8;20;0;511207;390537;600226;451005;1952975;0;"Kamsar";1003;52868436;105500;2210021;736674;1057369;56978000
"Small Capesize 4";14;260;43;14.5;118000;65950;13560;14.5;56.27;1.35;1921;3.48;14.8;14.2;FALSE;FALSE;139006;7;23;17.8;10;0;511207;644105;674384;451005;2280701;0;"Lome";22;34487777;96050;1927041;642347;689756;37842971
"Small Capesize 5";19;260;43;14.5;118000;65950;13560;14.5;58.75;1.35;2002;3.48;14.8;14.2;FALSE;FALSE;139006;7;23;17.8;10;0;511207;874294;674384;451005;2510890;0;"New York";1034;19588757;100100;1488259;496086;391775;22064977
"Small Capesize 6";24;260;43;14.5;118000;59355;13560;14.5;61.24;1.47;1508;3.48;14.8;14.2;FALSE;FALSE;111202;7;23;17.8;15;0;511207;1060864;740460;451005;2763536;0;"Rio Grande";170;3534903;75400;759988;253329;70698;4694318
"Small Capesize 7";28;260;43;14.5;118000;52760;13560;14.5;63.24;1.47;2707;3.48;14.8;14.2;FALSE;FALSE;83405;7;23;17.8;20;0;511207;1180605;740460;451005;2883277;0;"Kolkata";936;2950000;135350;349342;116447;59000;3610139
"Small Capesize 8";30;260;43;14.5;118000;65950;13560;14.5;64.23;1.47;2818;3.48;14.8;14.2;FALSE;FALSE;139006;7;23;17.8;10;0;511207;1642087;740460;451005;3344759;0;"Marseille";513;2950000;140900;442500;147500;59000;3739900
"Small Handy 1";2;146.74;22.81;8.96;17777;10681;5520;13.7;17.07;0.92;838;2.51;9.15;8.77;TRUE;FALSE;21824;4;21;12;10;0;440472;50876;448964;67945;1008257;0;"San Antonio";956;16958108;41900;585680;195227;339162;18120077
"Small Handy 10";6;146.74;22.81;8.96;17777;10681;5520;13.7;17.74;0.92;636;2.51;9.15;8.77;FALSE;FALSE;21824;4;21;12;10;0;440472;55274;448964;67945;1012655;0;"Kashima";711;14917204;31800;551848;183949;298344;15983145
"Small Handy 11";7;146.74;22.81;8.96;17777;10681;5520;13.7;17.91;0.92;727;2.51;9.15;8.77;TRUE;FALSE;21824;4;21;12;10;0;440472;57289;448964;67945;1014670;0;"Marseille";472;14781371;36350;561804;187268;295627;15862420
"Small Handy 12";7;146.74;22.81;8.96;17777;8545;5520;13.7;17.91;2.07;684;2.51;9.15;8.77;FALSE;FALSE;13096;4;21;12;20;4;440472;45833;448964;67945;1003214;0;"Chiba";194;14781371;34200;561804;187268;295627;15860270
"Small Handy 13";8;146.74;22.81;8.96;17777;10681;5520;13.7;18.08;0.92;693;2.51;9.15;8.77;TRUE;FALSE;21824;4;21;12;10;0;440472;59672;448964;67945;1017053;0;"Richards Bay";4;14665375;34650;575668;191889;293308;15760890
"Small Handy 14";8;146.74;22.81;8.96;17777;10681;5520;13.7;18.08;0.92;875;2.51;9.15;8.77;FALSE;FALSE;21824;4;21;12;10;0;440472;59672;448964;67945;1017053;0;"Hamburg";337;14665375;43750;575668;191889;293308;15769990
"Small Handy 15";9;146.74;22.81;8.96;17777;10681;5520;13.7;18.25;2.07;1001;2.51;9.15;8.77;TRUE;FALSE;21824;4;21;12;10;4;440472;62421;448964;67945;1019802;0;"Dalian";506;14504258;50050;591288;197096;290085;15632777
"Small Handy 16";9;146.74;22.81;8.96;17777;8545;5520;13.7;18.25;0.92;752;2.51;9.15;8.77;FALSE;FALSE;13096;4;21;12;20;0;440472;49938;448964;67945;1007319;0;"Hai Phong";286;14504258;37600;591288;197096;290085;15620327
"Small Handy 17";10;146.74;22.81;8.96;17777;10681;5520;13.7;18.42;0.92;1069;2.51;9.15;8.77;TRUE;FALSE;21824;4;21;12;10;0;440472;65536;448964;67945;1022917;0;"Batumi";789;14233059;53450;606198;202066;284661;15379434
"Small Handy 18";10;146.74;22.81;8.96;17777;10681;5520;13.7;18.42;2.07;644;2.51;9.15;8.77;FALSE;FALSE;21824;4;21;12;10;4;440472;65536;448964;67945;1022917;0;"Cork";79;14233059;32200;606198;202066;284661;15358184
"Small Handy 19";11;146.74;22.81;8.96;17777;10681;5520;13.7;18.59;1.04;907;2.51;9.15;8.77;TRUE;FALSE;21824;4;21;12;10;0;440472;69018;523122;67945;1100557;0;"Rio Grande";346;13786820;45350;617561;205854;275736;14931321
"Small Handy 2";2;146.74;22.81;8.96;17777;10681;5520;13.7;17.07;0.92;852;2.51;9.15;8.77;FALSE;FALSE;21824;4;21;12;10;0;440472;50876;448964;67945;1008257;0;"Izmir";131;16958108;42600;585680;195227;339162;18120777
"Small Handy 20";11;146.74;22.81;8.96;17777;8545;5520;13.7;18.59;1.04;564;2.51;9.15;8.77;FALSE;FALSE;13096;4;21;12;20;0;440472;55215;523122;67945;1086754;0;"Novorossiysk";536;13786820;28200;617561;205854;275736;14914171
"Small Handy 21";12;146.74;22.81;8.96;17777;10681;5520;13.7;18.76;2.2;976;2.51;9.15;8.77;TRUE;FALSE;21824;4;21;12;10;4;440472;72866;523122;67945;1104405;0;"Gdansk";318;13100580;48800;622092;207364;262012;14240848
"Small Handy 22";13;146.74;22.81;8.96;17777;10681;5520;13.7;18.93;1.04;852;2.51;9.15;8.77;FALSE;FALSE;21824;4;21;12;10;0;440472;77081;523122;67945;1108620;0;"Novorossiysk";711;12295088;42600;615972;205324;245902;13404886
"Small Handy 23";14;146.74;22.81;8.96;17777;10681;5520;13.7;19.1;1.04;1070;2.51;9.15;8.77;TRUE;FALSE;21824;4;21;12;10;0;484519.2;81662;366185.4;67945;1000311.6;1;"Rotterdam";284;12516143;221934;561790;187263;250323;13737453
"Small Handy 24";14;146.74;22.81;8.96;17777;8545;5520;13.7;19.1;2.2;1072;2.51;9.15;8.77;FALSE;FALSE;13096;4;21;12;20;4;440472;65331;523122;67945;1096870;0;"Dampier";847;11735165;53600;603623;201208;234703;12828299
"Small Handy 25";15;146.74;22.81;8.96;17777;10681;5520;13.7;19.26;1.04;597;2.51;9.15;8.77;TRUE;FALSE;21824;4;21;12;10;0;440472;86610;523122;67945;1118149;0;"Kolkata";743;11235613;29850;602454;200818;224712;12293447
"Small Handy 26";16;146.74;22.81;8.96;17777;10681;5520;13.7;19.43;1.04;1001;2.51;9.15;8.77;FALSE;FALSE;21824;4;21;12;10;0;440472;91924;523122;67945;1123463;0;"Shanghai";395;10777061;50050;604336;201445;215541;11848433
"Small Handy 27";17;146.74;22.81;8.96;17777;10681;5520;13.7;19.6;2.2;880;2.51;9.15;8.77;TRUE;FALSE;21824;4;21;12;10;4;440472;97605;523122;67945;1129144;0;"San Antonio";284;10342597;44000;608652;202884;206852;11404985
"Small Handy 28";19;146.74;22.81;8.96;17777;8545;5520;13.7;19.94;1.04;846;2.51;9.15;8.77;FALSE;FALSE;13096;4;21;12;20;0;440472;88055;523122;67945;1119594;0;"Alexandria";603;9490590;42300;622197;207399;189812;10552298
"Small Handy 29";21;146.74;22.81;8.96;17777;10681;5520;13.7;20.28;1.23;873;2.51;9.15;8.77;TRUE;FALSE;21824;4;21;12;10;0;440472;123994;600226;67945;1232637;0;"Melbourne";970;8593520;43650;638553;212851;171870;9660444
"Small Handy 3";3;146.74;22.81;8.96;17777;10681;5520;13.7;17.24;2.07;1147;2.51;9.15;8.77;TRUE;FALSE;21824;4;21;12;10;4;440472;51425;448964;67945;1008806;0;"Gijon";809;16093327;57350;563218;187739;321867;17223501
"Small Handy 30";23;146.74;22.81;8.96;17777;10681;5520;13.7;20.62;2.38;931;2.51;9.15;8.77;FALSE;FALSE;21824;4;21;12;10;4;440472;139387;600226;67945;1248030;0;"Gothenburg";742;7604689;46550;653732;217911;152094;8674976
"Small Handy 31";25;146.74;22.81;8.96;17777;10681;5520;13.7;20.95;1.23;1045;2.51;9.15;8.77;TRUE;FALSE;21824;4;21;12;10;0;440472;156246;420158.2;67945;1084821.2;1;"Dunkirk";273;7385958;189210;664736;221579;147719;8609202
"Small Handy 32";27;146.74;22.81;8.96;17777;8545;5520;13.7;21.29;1.23;949;2.51;9.15;8.77;FALSE;FALSE;13096;4;21;12;20;0;440472;139660;600226;67945;1248303;0;"Izmir";325;5361821;47450;670506;223502;107236;6410515
"Small Handy 33";27;146.74;22.81;8.96;17777;10681;5520;13.7;21.29;2.38;687;2.51;9.15;8.77;TRUE;FALSE;21824;4;21;12;10;4;440472;174571;600226;67945;1283214;0;"Hamburg";778;5361821;34350;670506;223502;107236;6397415
"Small Handy 34";27;146.74;22.81;8.96;17777;10681;5520;13.7;21.29;1.23;622;2.51;9.15;8.77;FALSE;FALSE;21824;4;21;12;10;0;440472;174571;600226;67945;1283214;0;"Tanger";441;5361821;31100;670506;223502;107236;6394165
"Small Handy 35";27;146.74;22.81;8.96;17777;10681;5520;13.7;21.29;1.23;860;2.51;9.15;8.77;TRUE;FALSE;21824;4;21;12;10;0;440472;174571;600226;67945;1283214;0;"Corpus Christi";749;5361821;43000;670506;223502;107236;6406065
"Small Handy 36";28;146.74;22.81;8.96;17777;8545;5520;13.7;21.46;2.38;845;2.51;9.15;8.77;FALSE;FALSE;13096;4;21;12;20;4;440472;147430;600226;67945;1256073;0;"Richards Bay";999;4779990;42250;672127;224042;95600;5814009
"Small Handy 37";28;146.74;22.81;8.96;17777;10681;5520;13.7;21.46;1.23;1084;2.51;9.15;8.77;TRUE;FALSE;21824;4;21;12;10;0;440472;184284;600226;67945;1292927;0;"Mumbai";447;4779990;54200;672127;224042;95600;5825959
"Small Handy 39";28;146.74;22.81;8.96;17777;10681;5520;13.7;21.46;2.38;1042;2.51;9.15;8.77;TRUE;FALSE;21824;4;21;12;10;4;440472;184284;600226;67945;1292927;0;"Wilhelmshaven";998;4779990;52100;672127;224042;95600;5823859
"Small Handy 4";3;146.74;22.81;8.96;17777;8545;5520;13.7;17.24;0.92;1022;2.51;9.15;8.77;FALSE;FALSE;13096;4;21;12;20;0;440472;41141;448964;67945;998522;0;"Cape Town";783;16093327;51100;563218;187739;321867;17217251
"Small Handy 40";29;146.74;22.81;8.96;17777;8545;5520;13.7;21.63;1.23;791;2.51;9.15;8.77;FALSE;FALSE;13096;4;21;12;20;0;440472;155494;600226;67945;1264137;0;"Mina Saqr";226;4211261;39550;674194;224731;84225;5233961
"Small Handy 41";29;146.74;22.81;8.96;17777;10681;5520;13.7;21.63;1.23;929;2.51;9.15;8.77;TRUE;FALSE;21824;4;21;12;10;0;440472;194363;600226;67945;1303006;0;"Shanghai";553;4211261;46450;674194;224731;84225;5240861
"Small Handy 42";29;146.74;22.81;8.96;17777;10681;5520;13.7;21.63;2.38;767;2.51;9.15;8.77;FALSE;FALSE;21824;4;21;12;10;4;440472;194363;600226;67945;1303006;0;"New York";283;4211261;38350;674194;224731;84225;5232761
"Small Handy 43";29;146.74;22.81;8.96;17777;10681;5520;13.7;21.63;1.23;915;2.51;9.15;8.77;TRUE;FALSE;21824;4;21;12;10;0;440472;194363;600226;67945;1303006;0;"Melbourne";439;4211261;45750;674194;224731;84225;5240161
"Small Handy 44";30;146.74;22.81;8.96;17777;8545;5520;13.7;21.8;1.23;786;2.51;9.15;8.77;FALSE;FALSE;13096;4;21;12;20;0;484519.2;163850;486183.06;67945;1202497.26;1;"Hamburg";749;4116916;51523;550607;183536;82338;4984920
"Small Handy 45";30;146.74;22.81;8.96;17777;10681;5520;13.7;21.8;2.38;1168;2.51;9.15;8.77;TRUE;FALSE;21824;4;21;12;10;4;440472;204808;600226;67945;1313451;0;"Cape Town";123;3670715;58400;678777;226259;73414;4707565
"Small Handy 46";30;146.74;22.81;8.96;17777;10681;5520;13.7;21.8;1.23;609;2.51;9.15;8.77;FALSE;FALSE;21824;4;21;12;10;0;440472;204808;600226;67945;1313451;0;"Novorossiysk";181;3670715;30450;678777;226259;73414;4679615
"Small Handy 47";30;146.74;22.81;8.96;17777;10681;5520;13.7;21.8;1.23;859;2.51;9.15;8.77;TRUE;FALSE;21824;4;21;12;10;0;440472;204808;600226;67945;1313451;0;"Richards Bay";380;3670715;42950;678777;226259;73414;4692115
"Small Handy 48";31;146.74;22.81;8.96;17777;8545;5520;13.7;21.97;2.38;713;2.51;9.15;8.77;FALSE;FALSE;13096;4;21;12;20;4;440472;172500;600226;67945;1281143;0;"Guangzhou";553;3175892;35650;689649;229883;63518;4194592
"Small Handy 49";31;146.74;22.81;8.96;17777;10681;5520;13.7;21.97;1.23;645;2.51;9.15;8.77;TRUE;FALSE;21824;4;21;12;10;0;440472;215620;600226;67945;1324263;0;"Pasir Gudang";273;3175892;32250;689649;229883;63518;4191192
"Small Handy 5";4;146.74;22.81;8.96;17777;10681;5520;13.7;17.41;0.92;755;2.51;9.15;8.77;TRUE;FALSE;21824;4;21;12;10;0;440472;52342;448964;67945;1009723;0;"Gothenburg";776;15508223;37750;550990;183663;310164;16590790
"Small Handy 50";31;146.74;22.81;8.96;17777;10681;5520;13.7;21.97;1.23;1066;2.51;9.15;8.77;FALSE;FALSE;21824;4;21;12;10;0;440472;215620;600226;67945;1324263;0;"Rotterdam";209;3175892;53300;689649;229883;63518;4212242
"Small Handy 51";31;146.74;22.81;8.96;17777;10681;5520;13.7;21.97;2.38;967;2.51;9.15;8.77;TRUE;FALSE;21824;4;21;12;10;4;440472;215620;600226;67945;1324263;0;"Melbourne";198;3175892;48350;689649;229883;63518;4207292
"Small Handy 6";4;146.74;22.81;8.96;17777;10681;5520;13.7;17.41;2.07;993;2.51;9.15;8.77;FALSE;FALSE;21824;4;21;12;10;4;440472;52342;448964;67945;1009723;0;"Chiba";76;15508223;49650;550990;183663;310164;16602690
"Small Handy 7";5;146.74;22.81;8.96;17777;10681;5520;13.7;17.57;0.92;619;2.51;9.15;8.77;TRUE;FALSE;21824;4;21;12;10;0;440472;53624;448964;67945;1011005;0;"Guangzhou";305;15137835;30950;547690;182563;302757;16201795
"Small Handy 8";5;146.74;22.81;8.96;17777;8545;5520;13.7;17.57;0.92;794;2.51;9.15;8.77;FALSE;FALSE;13096;4;21;12;20;0;440472;42901;448964;67945;1000282;0;"Shanghai";224;15137835;39700;547690;182563;302757;16210545
"Small Handy 9";6;146.74;22.81;8.96;17777;10681;5520;13.7;17.74;2.07;781;2.51;9.15;8.77;TRUE;FALSE;21824;4;21;12;10;4;440472;55274;448964;67945;1012655;0;"Walvis Bay";641;14917204;39050;551848;183949;298344;15990395
"ULBC 1";4;333.56;62;19.77;290793;171220;17019;14;64.37;1.23;3793;3.36;20.18;19.36;FALSE;FALSE;214936;4;16.1;18;10;0;523145;1055335;600226;1111433;3290139;0;"Hai Phong";336;122360718;189650;4487462;1495821;2447214;130980865
"ULBC 2";9;333.56;62;19.77;290793;154098;17019;14;67.49;1.23;3552;3.36;20.18;19.36;FALSE;FALSE;171948;4;16.1;18;15;0;523145;1140654;600226;1111433;3375458;0;"Tallinn";245;105938039;177600;4352703;1450901;2118761;114038004
"ULBC 3";14;333.56;62;19.77;290793;136976;17019;14;70.62;1.35;2152;3.36;20.18;19.36;FALSE;FALSE;128960;4;16.1;18;20;0;523145;1337786;674384;1111433;3646748;0;"Tubarao";240;60641709;107600;3422668;1140889;1212834;66525700
"ULBC 4";19;333.56;62;19.77;290793;171220;17019;14;73.74;1.35;2668;3.36;20.18;19.36;FALSE;FALSE;214936;4;16.1;18;10;0;523145;2269851;674384;1111433;4578813;0;"Karachi";771;23925347;133400;1982917;660972;478507;27181143
"ULBC 5";24;333.56;62;19.77;290793;171220;17019;14;76.87;1.47;2130;3.36;20.18;19.36;FALSE;FALSE;214936;4;16.1;18;10;0;523145;3060251;740460;1111433;5435289;0;"Bahia Blanca";230;7269825;106500;605819;201940;145397;8329481
"ULBC 6";29;333.56;62;19.77;290793;154098;17019;14;79.99;1.47;2788;3.36;20.18;19.36;FALSE;FALSE;171948;4;16.1;18;15;0;523145;3639088;740460;1111433;6014126;0;"Nouadhibou";1091;7269825;139400;962183;320728;145397;8837533
"VLBC 1";4;304.66;53.07;18.82;218283;107512;19649;15;74.32;1.23;2697;3.76;19.21;18.43;FALSE;FALSE;120953;7;22.56;14.8;20;0;524274;662663;600226;834294;2621457;0;"Dunkirk";980;58314140;134850;2351953;783984;1166283;62751210
"VLBC 10";4;319.58;54;18.13;229186;102536;22432;15.1;84.84;1.23;3606;3.44;18.51;17.75;FALSE;FALSE;117570;5;23.7;17;15;0;525663;631993;600226;875966;2633848;0;"Rio Grande";224;66498079;180300;2569522;856507;1329962;71434370
"VLBC 11";9;319.58;54;18.13;229186;91143;22432;15.1;88.96;1.23;2653;3.44;18.51;17.75;FALSE;FALSE;88175;5;23.7;17;20;0;525663;674653;600226;875966;2676508;0;"Dunkirk";255;53554686;132650;2293623;764541;1071094;57816594
"VLBC 12";14;319.58;54;18.13;229186;113929;22432;15.1;93.08;1.35;3139;3.44;18.51;17.75;FALSE;FALSE;146960;5;23.7;17;10;0;525663;1112696;674384;875966;3188709;0;"Sihanoukville";518;17854773;156950;1318725;439575;357095;20127118
"VLBC 2";8;304.66;53.07;18.82;218283;134390;19649;15;77.2;1.23;3099;3.76;19.21;18.43;FALSE;FALSE;201586;7;22.56;14.8;10;0;524274;949379;600226;834294;2908173;0;"San Antonio";511;47964852;154950;2056518;685506;959297;51821123
"VLBC 3";10;304.66;53.07;18.82;218283;134390;19649;15;78.64;1.23;2443;3.76;19.21;18.43;FALSE;FALSE;201586;7;22.56;14.8;10;0;524274;1046219;600226;834294;3005013;0;"Dampier";506;42656464;122150;2066884;688961;853129;46387588
"VLBC 4";14;304.66;53.07;18.82;218283;120951;19649;15;81.53;1.35;2719;3.76;19.21;18.43;FALSE;FALSE;161266;7;22.56;14.8;15;0;524274;1181276;674384;834294;3214228;0;"Jeddah";870;11984929;135950;1120094;373365;239699;13854037
"VLBC 5";19;304.66;53.07;18.82;218283;107512;19649;15;85.14;1.35;4016;3.76;19.21;18.43;FALSE;FALSE;120953;7;22.56;14.8;20;0;524274;1425279;674384;834294;3458231;0;"Dampier";119;5457075;200800;331849;110616;109142;6209482
"VLBC 6";24;304.66;53.07;18.82;218283;134390;19649;15;88.75;1.47;2101;3.76;19.21;18.43;FALSE;FALSE;201586;7;22.56;14.8;10;0;524274;2401981;740460;834294;4501009;0;"Guangzhou";50;5457075;105050;454756;151585;109142;6277608
"VLBC 7";29;304.66;53.07;18.82;218283;134390;19649;15;92.35;1.47;2758;3.76;19.21;18.43;FALSE;FALSE;201586;7;22.56;14.8;10;0;524274;3173675;740460;834294;5272703;0;"Novorossiysk";709;5457075;137900;722260;240753;109142;6667130